{"moduleName": "Sizes and Scales Earth and Moon", "specificName": "Sizes and Scales Earth and Moon", "jsonFileName": "moonEarthSizes.json", "prefabName": "demoPrefab", "prerequisiteActivities": [], "educationalObjectives": ["Students will learn the relative scale of objects in the Earth-Moon System"], "instructions": ["You can navigate through this module by\nclicking on the buttons floating above the Earth.  Select\nthe button with the laser and click on it with the trigger\nto activate a button.\n\nNext button - move forward in the module\nPrevious button - to repeat a previous section\n\nWhen you have completed the simulation, you will be asked\nto answer the questions in the lab handout.  Remember,\nyou can always go back if you miss some information.\n\nWhen you are done, click the Red Next Module Button.\n"], "numRepeatsAllowed": 0, "numGradableRepeatsAllowed": 0, "gradingCriteria": "", "currentScore": 0.0, "bestScore": 0.0, "completed": false, "currentSubphase": 0, "subphaseNames": [], "urlJson": "", "json": "", "timeToEnd": 2000, "endUsingButton": true, "description": "A scale model of the Earth and Moon", "author": "John Wallin", "authorInstitution": "Middle Tennessee State University", "dateCreated": "Fri Oct  1 09:26:51 2021", "introAudio": "", "createObjects": true, "destroyObjects": true, "restoreLights": true, "objects": [{"type": "Prefabs/SunPrefab", "position": {"x": -39.0, "y": 0, "z": 0}, "scale": {"x": 5, "y": 5, "z": 5}, "name": "Sun", "componentsToAdd": []}, {"type": "Prefabs/moveableSphere", "position": {"x": 0.0, "y": 0.0, "z": 1.5}, "scale": {"x": 0.08, "y": 0.08, "z": 0.08}, "name": "Earth", "parent": "[_DYNAMIC]", "texture": "Textures/2k_earth_daymap", "componentsToAdd": ["{\"name\": \"simpleRotation\", \"timeRate\": 1.0, \"rotationTime\": 2.0}"]}, {"type": "Prefabs/moveableSphere", "parent": "[_DYNAMIC]", "position": {"x": 2.4, "y": 0.0, "z": 1.5}, "scale": {"x": 0.02, "y": 0.02, "z": 0.02}, "name": "Moon", "texture": "Textures/_k_moon", "componentsToAdd": ["{\"name\": \"simpleOrbit\", \"moonPosition\": {\"x\": 2.4, \"y\": 0.0, \"z\": 1.5}, \"orbitalPeriod\": 56.0, \"timeRate\": 1.0, \"orbitalScale\": 1.0, \"synchronousRotation\": true}"]}, {"type": "Prefabs/textPrefab", "tmp": "{\"textField\": \"Earth\", \"color\": [255, 255, 0, 255], \"fontSize\": 1.0, \"wrapText\": false}", "position": {"x": 0.0, "y": 2, "z": 0.0}, "eulerAngles": {"x": 0.0, "y": 0.0, "z": 0.0}, "scale": {"x": 10, "y": 10, "z": 10}, "enabled": true, "parentName": "Earth", "name": "earthLabel"}, {"type": "Prefabs/textPrefab", "tmp": "{\"textField\": \"8000 miles\", \"color\": [255, 255, 0, 255], \"fontSize\": 1.0, \"wrapText\": false}", "position": {"x": 0.0, "y": -2, "z": 0.0}, "eulerAngles": {"x": 0.0, "y": 0.0, "z": 0.0}, "scale": {"x": 0.1, "y": 0.1, "z": 0.1}, "enabled": true, "parentName": "Earth", "name": "earthSizeLabel"}, {"type": "Prefabs/textPrefab", "tmp": "{\"textField\": \"The Moon\", \"color\": [0, 255, 255, 0], \"fontSize\": 1, \"wrapText\": false}", "position": {"x": 0.0, "y": 4, "z": 0.0}, "eulerAngles": {"x": 0.0, "y": -90.0, "z": 0.0}, "scale": {"x": 20, "y": 20, "z": 20}, "enabled": true, "parentName": "Moon", "name": "moonLabel"}, {"type": "Prefabs/textPrefab", "tmp": "{\"textField\": \"2000 miles\", \"color\": [0, 255, 255, 0], \"fontSize\": 1, \"wrapText\": false}", "position": {"x": 0.0, "y": -4, "z": 0.0}, "eulerAngles": {"x": 0.0, "y": -90.0, "z": 0.0}, "scale": {"x": 0.1, "y": 0.1, "z": 0.1}, "enabled": true, "parentName": "Moon", "name": "moonSizeLabel"}, {"type": "Prefabs/textPrefab", "tmp": "{\"textField\": \"240,000 miles\", \"color\": [0, 255, 255, 0], \"fontSize\": 2.5, \"wrapText\": false}", "position": {"x": 45, "y": 0, "z": 0.0}, "eulerAngles": {"x": 0.0, "y": 180.0, "z": 0.0}, "scale": {"x": 0.1, "y": 0.1, "z": 0.1}, "enabled": true, "parentName": "Moon", "name": "moonDistanceLabel"}, {"type": "Prefabs/textPrefab", "tmp": "{\"textField\": \"Introduction\", \"color\": [255, 255, 255, 255], \"fontSize\": 1, \"wrapText\": false}", "position": {"x": 0.0, "y": 0.6, "z": 2.5}, "rotation": {"x": 0.0, "y": 0.0, "z": 0.0}, "scale": {"x": 0.6, "y": 0.6, "z": 0.6}, "enabled": true, "parentName": "[_DYNAMIC]", "name": "taskLabel"}, {"type": "Prefabs/textPrefab", "tmp": "{\"textField\": \"Sizes and Scales of the Earth and Moon\", \"color\": [255, 255, 255, 255], \"fontSize\": 1.0, \"wrapText\": false}", "position": {"x": 0.0, "y": 0.75, "z": 2.5}, "rotation": {"x": 0.0, "y": 0.0, "z": 0.0}, "scale": {"x": 0.6, "y": 0.6, "z": 0.6}, "enabled": true, "parentName": "[_DYNAMIC]", "name": "sectionLabel"}, {"type": "Prefabs/demoButtonPrefab", "parentName": "sectionLabel", "position": {"x": 1.2, "y": 0, "z": 0}, "eulerAngles": {"x": 90, "y": 180.0, "z": 0.0}, "scale": {"x": 1.0, "y": 1.0, "z": 1.0}, "name": "brbNextModule", "color": [255, 0, 0, 255], "componentsToAdd": ["{\"name\": \"demoButtonActions\", \"callBackObjects\": [\"demoModule\"]}"], "childColor": [0, 255, 255, 255], "childName": "button"}, {"type": "Prefabs/textPrefab", "tmp": "{\"textField\": \"Next\\n Module\", \"color\": [255, 255, 0, 255], \"fontSize\": 1.0, \"wrapText\": false}", "position": {"x": 0.0, "y": 0.0, "z": 0.13}, "eulerAngles": {"x": 90, "y": 180.0, "z": 0.0}, "scale": {"x": 0.6, "y": 0.6, "z": 0.6}, "enabled": true, "parentName": "brbNextModule", "name": "brbNextModuleLabel"}, {"type": "Prefabs/demoButtonPrefab", "parentName": "sectionLabel", "position": {"x": -1.2, "y": 0, "z": 0}, "eulerAngles": {"x": 90, "y": 180.0, "z": 0.0}, "scale": {"x": 1.0, "y": 1.0, "z": 1.0}, "name": "brbPreviousModule", "color": [255, 0, 0, 255], "componentsToAdd": ["{\"name\": \"demoButtonActions\", \"callBackObjects\": [\"demoModule\"]}"], "childColor": [0, 255, 255, 255], "childName": "button"}, {"type": "Prefabs/textPrefab", "tmp": "{\"textField\": \"Previous \\n Module\", \"color\": [255, 255, 0, 255], \"fontSize\": 1.0, \"wrapText\": false}", "position": {"x": 0.0, "y": 0.0, "z": 0.13}, "eulerAngles": {"x": 90, "y": 180.0, "z": 0.0}, "scale": {"x": 0.6, "y": 0.6, "z": 0.6}, "enabled": true, "parentName": "brbPreviousModule", "name": "brbPreviousModuleLabel"}, {"type": "Prefabs/demoButtonPrefab", "parentName": "taskLabel", "position": {"x": 1, "y": 0, "z": 0}, "eulerAngles": {"x": 90, "y": 180.0, "z": 0.0}, "scale": {"x": 1, "y": 1, "z": 1}, "name": "brbNextClip", "color": [255, 0, 0, 255], "componentsToAdd": ["{\"name\": \"demoButtonActions\", \"callBackObjects\": [\"demoModule\"]}"], "childColor": [0, 255, 0, 255], "childName": "button"}, {"type": "Prefabs/textPrefab", "tmp": "{\"textField\": \"Next\", \"color\": [255, 255, 0, 255], \"fontSize\": 1.0, \"wrapText\": false}", "position": {"x": 0.0, "y": 0.0, "z": 0.1}, "eulerAngles": {"x": 90, "y": 180.0, "z": 0.0}, "scale": {"x": 0.6, "y": 0.6, "z": 0.6}, "enabled": true, "parentName": "brbNextClip", "name": "brbNextClipLabel"}, {"type": "Prefabs/demoButtonPrefab", "parentName": "taskLabel", "position": {"x": -1, "y": 0, "z": 0}, "eulerAngles": {"x": 90, "y": 180.0, "z": 0.0}, "scale": {"x": 1, "y": 1, "z": 1}, "name": "brbPreviousClip", "color": [255, 0, 0, 255], "componentsToAdd": ["{\"name\": \"demoButtonActions\", \"callBackObjects\": [\"demoModule\"]}"], "childColor": [0, 255, 0, 255], "childName": "button"}, {"type": "Prefabs/textPrefab", "tmp": "{\"textField\": \"Previous\", \"color\": [255, 255, 0, 255], \"fontSize\": 1.0, \"wrapText\": false}", "position": {"x": 0.0, "y": 0.0, "z": 0.1}, "eulerAngles": {"x": 90, "y": 180.0, "z": 0.0}, "scale": {"x": 0.6, "y": 0.6, "z": 0.6}, "enabled": true, "parentName": "brbPreviousClip", "name": "brbPreviousClipLabel"}], "useSunlight": true, "clips": [{"clipName": "clip1", "audioClipString": "Audio/moonLab/moonLab_1_1_0", "timeToEnd": 14, "autoAdvance": false, "objectChanges": [{"name": "taskLabel", "parentObject": "[DYNAMIC]", "activationConditions": 0, "reactiveObject": false, "enable": true, "position": {"x": 0.0, "y": 0.0, "z": 0.0}, "newPosition": false, "eulerAngles": {"x": 0.0, "y": 0.0, "z": 0.0}, "newEulerAngles": false, "scale": {"x": 0.0, "y": 0.0, "z": 0.0}, "newScale": false, "tmp": "{\"textField\": \"1 inch= 1000 miles\", \"color\": [0, 255, 255, 0], \"fontSize\": 1, \"wrapText\": false, \"parentObject\": \"[_DYNAMIC]\"}"}, {"name": "MainInstructions", "parentObject": "[DYNAMIC]", "activationConditions": 0, "reactiveObject": false, "enable": true, "position": {"x": 0.0, "y": 0.0, "z": 0.0}, "newPosition": false, "eulerAngles": {"x": 0.0, "y": 0.0, "z": 0.0}, "newEulerAngles": false, "scale": {"x": 0.0, "y": 0.0, "z": 0.0}, "newScale": false, "canvasText": "You can navigate through this module by\nclicking on the buttons floating above the Earth.  Select\nthe button with the laser and click on it with the trigger\nto activate a button.\n\nNext button - move forward in the module\nPrevious button - to repeat a previous section\n\nWhen you have completed the simulation, you will be asked\nto answer the questions in the lab handout.  Remember,\nyou can always go back if you miss some information.\n\nWhen you are done, click the Red Next Module Button.\n"}, {"name": "brbPreviousClip", "parentObject": "[DYNAMIC]", "activationConditions": 0, "reactiveObject": false, "enable": true, "position": {"x": 0.0, "y": 0.0, "z": 0.0}, "newPosition": false, "eulerAngles": {"x": 0.0, "y": 0.0, "z": 0.0}, "newEulerAngles": false, "scale": {"x": 0.01, "y": 0.01, "z": 0.01}, "newScale": true}, {"name": "brbNextClip", "parentObject": "[DYNAMIC]", "activationConditions": 0, "reactiveObject": false, "enable": true, "position": {"x": 0.0, "y": 0.0, "z": 0.0}, "newPosition": false, "eulerAngles": {"x": 0.0, "y": 0.0, "z": 0.0}, "newEulerAngles": false, "scale": {"x": 1, "y": 1, "z": 1}, "newScale": true}, {"name": "brbNextModule", "parentObject": "[DYNAMIC]", "activationConditions": 0, "reactiveObject": false, "enable": true, "position": {"x": 0.0, "y": 0.0, "z": 0.0}, "newPosition": false, "eulerAngles": {"x": 0.0, "y": 0.0, "z": 0.0}, "newEulerAngles": false, "scale": {"x": 0.01, "y": 0.01, "z": 0.01}, "newScale": true}]}, {"clipName": "clip2", "audioClipString": "Audio/moonLab/moonLab_1_2_0", "timeToEnd": 10, "autoAdvance": false, "objectChanges": [{"name": "taskLabel", "parentObject": "[DYNAMIC]", "activationConditions": 0, "reactiveObject": false, "enable": true, "position": {"x": 0.0, "y": 0.0, "z": 0.0}, "newPosition": false, "eulerAngles": {"x": 0.0, "y": 0.0, "z": 0.0}, "newEulerAngles": false, "scale": {"x": 0.0, "y": 0.0, "z": 0.0}, "newScale": false, "tmp": "{\"textField\": \"1 inch= 1000 miles\", \"color\": [0, 255, 255, 0], \"fontSize\": 1, \"wrapText\": false, \"parentObject\": \"[_DYNAMIC]\"}"}, {"name": "earthSizeLabel", "parentObject": "[DYNAMIC]", "activationConditions": 0, "reactiveObject": false, "enable": true, "position": {"x": 0.0, "y": 0.0, "z": 0.0}, "newPosition": false, "eulerAngles": {"x": 0.0, "y": 0.0, "z": 0.0}, "newEulerAngles": false, "scale": {"x": 10, "y": 10, "z": 10}, "newScale": true}, {"name": "brbPreviousClip", "parentObject": "[DYNAMIC]", "activationConditions": 0, "reactiveObject": false, "enable": true, "position": {"x": 0.0, "y": 0.0, "z": 0.0}, "newPosition": false, "eulerAngles": {"x": 0.0, "y": 0.0, "z": 0.0}, "newEulerAngles": false, "scale": {"x": 1, "y": 1, "z": 1}, "newScale": true}, {"name": "brbNextClip", "parentObject": "[DYNAMIC]", "activationConditions": 0, "reactiveObject": false, "enable": true, "position": {"x": 0.0, "y": 0.0, "z": 0.0}, "newPosition": false, "eulerAngles": {"x": 0.0, "y": 0.0, "z": 0.0}, "newEulerAngles": false, "scale": {"x": 1, "y": 1, "z": 1}, "newScale": true}, {"name": "brbNextModule", "parentObject": "[DYNAMIC]", "activationConditions": 0, "reactiveObject": false, "enable": true, "position": {"x": 0.0, "y": 0.0, "z": 0.0}, "newPosition": false, "eulerAngles": {"x": 0.0, "y": 0.0, "z": 0.0}, "newEulerAngles": false, "scale": {"x": 0.01, "y": 0.01, "z": 0.01}, "newScale": true}]}, {"clipName": "clip3", "audioClipString": "Audio/moonLab/moonLab_1_3_0", "timeToEnd": 9, "autoAdvance": false, "objectChanges": [{"name": "taskLabel", "parentObject": "[DYNAMIC]", "activationConditions": 0, "reactiveObject": false, "enable": true, "position": {"x": 0.0, "y": 0.0, "z": 0.0}, "newPosition": false, "eulerAngles": {"x": 0.0, "y": 0.0, "z": 0.0}, "newEulerAngles": false, "scale": {"x": 0.0, "y": 0.0, "z": 0.0}, "newScale": false, "tmp": "{\"textField\": \"Moon is 1/4 the Diameter of Earth\", \"color\": [0, 255, 255, 0], \"fontSize\": 1, \"wrapText\": false, \"parentObject\": \"[_DYNAMIC]\"}"}, {"name": "moonSizeLabel", "parentObject": "[DYNAMIC]", "activationConditions": 0, "reactiveObject": false, "enable": true, "position": {"x": 0.0, "y": 0.0, "z": 0.0}, "newPosition": false, "eulerAngles": {"x": 0.0, "y": 0.0, "z": 0.0}, "newEulerAngles": false, "scale": {"x": 20, "y": 20, "z": 20}, "newScale": true}, {"name": "brbPreviousClip", "parentObject": "[DYNAMIC]", "activationConditions": 0, "reactiveObject": false, "enable": true, "position": {"x": 0.0, "y": 0.0, "z": 0.0}, "newPosition": false, "eulerAngles": {"x": 0.0, "y": 0.0, "z": 0.0}, "newEulerAngles": false, "scale": {"x": 1, "y": 1, "z": 1}, "newScale": true}, {"name": "brbNextClip", "parentObject": "[DYNAMIC]", "activationConditions": 0, "reactiveObject": false, "enable": true, "position": {"x": 0.0, "y": 0.0, "z": 0.0}, "newPosition": false, "eulerAngles": {"x": 0.0, "y": 0.0, "z": 0.0}, "newEulerAngles": false, "scale": {"x": 1, "y": 1, "z": 1}, "newScale": true}, {"name": "brbNextModule", "parentObject": "[DYNAMIC]", "activationConditions": 0, "reactiveObject": false, "enable": true, "position": {"x": 0.0, "y": 0.0, "z": 0.0}, "newPosition": false, "eulerAngles": {"x": 0.0, "y": 0.0, "z": 0.0}, "newEulerAngles": false, "scale": {"x": 0.01, "y": 0.01, "z": 0.01}, "newScale": true}]}, {"clipName": "clip4", "audioClipString": "Audio/moonLab/moonLab_1_4_0", "timeToEnd": 12, "autoAdvance": false, "objectChanges": [{"name": "taskLabel", "parentObject": "[DYNAMIC]", "activationConditions": 0, "reactiveObject": false, "enable": true, "position": {"x": 0.0, "y": 0.0, "z": 0.0}, "newPosition": false, "eulerAngles": {"x": 0.0, "y": 0.0, "z": 0.0}, "newEulerAngles": false, "scale": {"x": 0.0, "y": 0.0, "z": 0.0}, "newScale": false, "tmp": "{\"textField\": \"Moon is 1/4 the Diameter of Earth\", \"color\": [0, 255, 255, 0], \"fontSize\": 1, \"wrapText\": false, \"parentObject\": \"[_DYNAMIC]\"}"}, {"name": "moonDistanceLabel", "parentObject": "[DYNAMIC]", "activationConditions": 0, "reactiveObject": false, "enable": true, "position": {"x": 0.0, "y": 0.0, "z": 0.0}, "newPosition": false, "eulerAngles": {"x": 0.0, "y": 0.0, "z": 0.0}, "newEulerAngles": false, "scale": {"x": 30, "y": 30, "z": 30}, "newScale": true}, {"name": "brbPreviousClip", "parentObject": "[DYNAMIC]", "activationConditions": 0, "reactiveObject": false, "enable": true, "position": {"x": 0.0, "y": 0.0, "z": 0.0}, "newPosition": false, "eulerAngles": {"x": 0.0, "y": 0.0, "z": 0.0}, "newEulerAngles": false, "scale": {"x": 1, "y": 1, "z": 1}, "newScale": true}, {"name": "brbNextClip", "parentObject": "[DYNAMIC]", "activationConditions": 0, "reactiveObject": false, "enable": true, "position": {"x": 0.0, "y": 0.0, "z": 0.0}, "newPosition": false, "eulerAngles": {"x": 0.0, "y": 0.0, "z": 0.0}, "newEulerAngles": false, "scale": {"x": 1, "y": 1, "z": 1}, "newScale": true}, {"name": "brbNextModule", "parentObject": "[DYNAMIC]", "activationConditions": 0, "reactiveObject": false, "enable": true, "position": {"x": 0.0, "y": 0.0, "z": 0.0}, "newPosition": false, "eulerAngles": {"x": 0.0, "y": 0.0, "z": 0.0}, "newEulerAngles": false, "scale": {"x": 0.01, "y": 0.01, "z": 0.01}, "newScale": true}]}, {"clipName": "clip5", "audioClipString": "Audio/moonLab/moonLab_1_5_0", "timeToEnd": 11, "autoAdvance": false, "objectChanges": [{"name": "taskLabel", "parentObject": "[DYNAMIC]", "activationConditions": 0, "reactiveObject": false, "enable": true, "position": {"x": 0.0, "y": 0.0, "z": 0.0}, "newPosition": false, "eulerAngles": {"x": 0.0, "y": 0.0, "z": 0.0}, "newEulerAngles": false, "scale": {"x": 0.0, "y": 0.0, "z": 0.0}, "newScale": false, "tmp": "{\"textField\": \"The orbit 30 times Earth's diameter\", \"color\": [0, 255, 255, 0], \"fontSize\": 1, \"wrapText\": false, \"parentObject\": \"[_DYNAMIC]\"}"}, {"name": "brbPreviousClip", "parentObject": "[DYNAMIC]", "activationConditions": 0, "reactiveObject": false, "enable": true, "position": {"x": 0.0, "y": 0.0, "z": 0.0}, "newPosition": false, "eulerAngles": {"x": 0.0, "y": 0.0, "z": 0.0}, "newEulerAngles": false, "scale": {"x": 1, "y": 1, "z": 1}, "newScale": true}, {"name": "brbNextClip", "parentObject": "[DYNAMIC]", "activationConditions": 0, "reactiveObject": false, "enable": true, "position": {"x": 0.0, "y": 0.0, "z": 0.0}, "newPosition": false, "eulerAngles": {"x": 0.0, "y": 0.0, "z": 0.0}, "newEulerAngles": false, "scale": {"x": 1, "y": 1, "z": 1}, "newScale": true}, {"name": "brbNextModule", "parentObject": "[DYNAMIC]", "activationConditions": 0, "reactiveObject": false, "enable": true, "position": {"x": 0.0, "y": 0.0, "z": 0.0}, "newPosition": false, "eulerAngles": {"x": 0.0, "y": 0.0, "z": 0.0}, "newEulerAngles": false, "scale": {"x": 0.01, "y": 0.01, "z": 0.01}, "newScale": true}]}, {"clipName": "clip6", "audioClipString": "Audio/moonLab/moonLab_1_6_0", "timeToEnd": 26, "autoAdvance": false, "objectChanges": [{"name": "taskLabel", "parentObject": "[DYNAMIC]", "activationConditions": 0, "reactiveObject": false, "enable": true, "position": {"x": 0.0, "y": 0.0, "z": 0.0}, "newPosition": false, "eulerAngles": {"x": 0.0, "y": 0.0, "z": 0.0}, "newEulerAngles": false, "scale": {"x": 0.0, "y": 0.0, "z": 0.0}, "newScale": false, "tmp": "{\"textField\": \"The Sun would be about 270 ft away\", \"color\": [0, 255, 255, 0], \"fontSize\": 1, \"wrapText\": false, \"parentObject\": \"[_DYNAMIC]\"}"}, {"name": "brbPreviousClip", "parentObject": "[DYNAMIC]", "activationConditions": 0, "reactiveObject": false, "enable": true, "position": {"x": 0.0, "y": 0.0, "z": 0.0}, "newPosition": false, "eulerAngles": {"x": 0.0, "y": 0.0, "z": 0.0}, "newEulerAngles": false, "scale": {"x": 1, "y": 1, "z": 1}, "newScale": true}, {"name": "brbNextClip", "parentObject": "[DYNAMIC]", "activationConditions": 0, "reactiveObject": false, "enable": true, "position": {"x": 0.0, "y": 0.0, "z": 0.0}, "newPosition": false, "eulerAngles": {"x": 0.0, "y": 0.0, "z": 0.0}, "newEulerAngles": false, "scale": {"x": 1, "y": 1, "z": 1}, "newScale": true}, {"name": "brbNextModule", "parentObject": "[DYNAMIC]", "activationConditions": 0, "reactiveObject": false, "enable": true, "position": {"x": 0.0, "y": 0.0, "z": 0.0}, "newPosition": false, "eulerAngles": {"x": 0.0, "y": 0.0, "z": 0.0}, "newEulerAngles": false, "scale": {"x": 0.01, "y": 0.01, "z": 0.01}, "newScale": true}]}, {"clipName": "clip7", "audioClipString": "Audio/moonLab/moonLab_1_7_0", "timeToEnd": 10, "autoAdvance": false, "objectChanges": [{"name": "taskLabel", "parentObject": "[DYNAMIC]", "activationConditions": 0, "reactiveObject": false, "enable": true, "position": {"x": 0.0, "y": 0.0, "z": 0.0}, "newPosition": false, "eulerAngles": {"x": 0.0, "y": 0.0, "z": 0.0}, "newEulerAngles": false, "scale": {"x": 0.0, "y": 0.0, "z": 0.0}, "newScale": false, "tmp": "{\"textField\": \"2 seconds = one day\", \"color\": [0, 255, 255, 0], \"fontSize\": 1, \"wrapText\": false, \"parentObject\": \"[_DYNAMIC]\"}"}, {"name": "brbPreviousClip", "parentObject": "[DYNAMIC]", "activationConditions": 0, "reactiveObject": false, "enable": true, "position": {"x": 0.0, "y": 0.0, "z": 0.0}, "newPosition": false, "eulerAngles": {"x": 0.0, "y": 0.0, "z": 0.0}, "newEulerAngles": false, "scale": {"x": 1, "y": 1, "z": 1}, "newScale": true}, {"name": "brbNextClip", "parentObject": "[DYNAMIC]", "activationConditions": 0, "reactiveObject": false, "enable": true, "position": {"x": 0.0, "y": 0.0, "z": 0.0}, "newPosition": false, "eulerAngles": {"x": 0.0, "y": 0.0, "z": 0.0}, "newEulerAngles": false, "scale": {"x": 1, "y": 1, "z": 1}, "newScale": true}, {"name": "brbNextModule", "parentObject": "[DYNAMIC]", "activationConditions": 0, "reactiveObject": false, "enable": true, "position": {"x": 0.0, "y": 0.0, "z": 0.0}, "newPosition": false, "eulerAngles": {"x": 0.0, "y": 0.0, "z": 0.0}, "newEulerAngles": false, "scale": {"x": 0.01, "y": 0.01, "z": 0.01}, "newScale": true}]}, {"clipName": "clip8", "audioClipString": "Audio/moonLab/moonLab_1_8_0", "timeToEnd": 14, "autoAdvance": false, "objectChanges": [{"name": "taskLabel", "parentObject": "[DYNAMIC]", "activationConditions": 0, "reactiveObject": false, "enable": true, "position": {"x": 0.0, "y": 0.0, "z": 0.0}, "newPosition": false, "eulerAngles": {"x": 0.0, "y": 0.0, "z": 0.0}, "newEulerAngles": false, "scale": {"x": 0.0, "y": 0.0, "z": 0.0}, "newScale": false, "tmp": "{\"textField\": \"56 seconds = 4 weeks\", \"color\": [0, 255, 255, 0], \"fontSize\": 1, \"wrapText\": false, \"parentObject\": \"[_DYNAMIC]\"}"}, {"name": "brbPreviousClip", "parentObject": "[DYNAMIC]", "activationConditions": 0, "reactiveObject": false, "enable": true, "position": {"x": 0.0, "y": 0.0, "z": 0.0}, "newPosition": false, "eulerAngles": {"x": 0.0, "y": 0.0, "z": 0.0}, "newEulerAngles": false, "scale": {"x": 1, "y": 1, "z": 1}, "newScale": true}, {"name": "brbNextClip", "parentObject": "[DYNAMIC]", "activationConditions": 0, "reactiveObject": false, "enable": true, "position": {"x": 0.0, "y": 0.0, "z": 0.0}, "newPosition": false, "eulerAngles": {"x": 0.0, "y": 0.0, "z": 0.0}, "newEulerAngles": false, "scale": {"x": 1, "y": 1, "z": 1}, "newScale": true}, {"name": "brbNextModule", "parentObject": "[DYNAMIC]", "activationConditions": 0, "reactiveObject": false, "enable": true, "position": {"x": 0.0, "y": 0.0, "z": 0.0}, "newPosition": false, "eulerAngles": {"x": 0.0, "y": 0.0, "z": 0.0}, "newEulerAngles": false, "scale": {"x": 0.01, "y": 0.01, "z": 0.01}, "newScale": true}]}, {"clipName": "clip9", "audioClipString": "Audio/moonLab/moonLab_1_9_0", "timeToEnd": 33, "autoAdvance": false, "objectChanges": [{"name": "taskLabel", "parentObject": "[DYNAMIC]", "activationConditions": 0, "reactiveObject": false, "enable": true, "position": {"x": 0.0, "y": 0.0, "z": 0.0}, "newPosition": false, "eulerAngles": {"x": 0.0, "y": 0.0, "z": 0.0}, "newEulerAngles": false, "scale": {"x": 0.0, "y": 0.0, "z": 0.0}, "newScale": false, "tmp": "{\"textField\": \"Explore the animation\", \"color\": [0, 255, 255, 0], \"fontSize\": 1, \"wrapText\": false, \"parentObject\": \"[_DYNAMIC]\"}"}, {"name": "brbPreviousClip", "parentObject": "[DYNAMIC]", "activationConditions": 0, "reactiveObject": false, "enable": true, "position": {"x": 0.0, "y": 0.0, "z": 0.0}, "newPosition": false, "eulerAngles": {"x": 0.0, "y": 0.0, "z": 0.0}, "newEulerAngles": false, "scale": {"x": 1, "y": 1, "z": 1}, "newScale": true}, {"name": "brbNextClip", "parentObject": "[DYNAMIC]", "activationConditions": 0, "reactiveObject": false, "enable": true, "position": {"x": 0.0, "y": 0.0, "z": 0.0}, "newPosition": false, "eulerAngles": {"x": 0.0, "y": 0.0, "z": 0.0}, "newEulerAngles": false, "scale": {"x": 1, "y": 1, "z": 1}, "newScale": true}, {"name": "brbNextModule", "parentObject": "[DYNAMIC]", "activationConditions": 0, "reactiveObject": false, "enable": true, "position": {"x": 0.0, "y": 0.0, "z": 0.0}, "newPosition": false, "eulerAngles": {"x": 0.0, "y": 0.0, "z": 0.0}, "newEulerAngles": false, "scale": {"x": 0.01, "y": 0.01, "z": 0.01}, "newScale": true}]}, {"clipName": "clip10", "audioClipString": "Audio/moonLab/moonLab_1_10_0", "timeToEnd": 9, "autoAdvance": false, "objectChanges": [{"name": "taskLabel", "parentObject": "[DYNAMIC]", "activationConditions": 0, "reactiveObject": false, "enable": true, "position": {"x": 0.0, "y": 0.0, "z": 0.0}, "newPosition": false, "eulerAngles": {"x": 0.0, "y": 0.0, "z": 0.0}, "newEulerAngles": false, "scale": {"x": 0.0, "y": 0.0, "z": 0.0}, "newScale": false, "tmp": "{\"textField\": \"Explore the animation\", \"color\": [0, 255, 255, 0], \"fontSize\": 1, \"wrapText\": false, \"parentObject\": \"[_DYNAMIC]\"}"}, {"name": "brbPreviousClip", "parentObject": "[DYNAMIC]", "activationConditions": 0, "reactiveObject": false, "enable": true, "position": {"x": 0.0, "y": 0.0, "z": 0.0}, "newPosition": false, "eulerAngles": {"x": 0.0, "y": 0.0, "z": 0.0}, "newEulerAngles": false, "scale": {"x": 1, "y": 1, "z": 1}, "newScale": true}, {"name": "brbNextClip", "parentObject": "[DYNAMIC]", "activationConditions": 0, "reactiveObject": false, "enable": true, "position": {"x": 0.0, "y": 0.0, "z": 0.0}, "newPosition": false, "eulerAngles": {"x": 0.0, "y": 0.0, "z": 0.0}, "newEulerAngles": false, "scale": {"x": 1, "y": 1, "z": 1}, "newScale": true}, {"name": "brbNextModule", "parentObject": "[DYNAMIC]", "activationConditions": 0, "reactiveObject": false, "enable": true, "position": {"x": 0.0, "y": 0.0, "z": 0.0}, "newPosition": false, "eulerAngles": {"x": 0.0, "y": 0.0, "z": 0.0}, "newEulerAngles": false, "scale": {"x": 0.01, "y": 0.01, "z": 0.01}, "newScale": true}]}, {"clipName": "clip11", "audioClipString": "Audio/moonLab/moonLab_1_11_0", "timeToEnd": 19, "autoAdvance": false, "objectChanges": [{"name": "taskLabel", "parentObject": "[DYNAMIC]", "activationConditions": 0, "reactiveObject": false, "enable": true, "position": {"x": 0.0, "y": 0.0, "z": 0.0}, "newPosition": false, "eulerAngles": {"x": 0.0, "y": 0.0, "z": 0.0}, "newEulerAngles": false, "scale": {"x": 0.0, "y": 0.0, "z": 0.0}, "newScale": false, "tmp": "{\"textField\": \"Work on the handout\", \"color\": [0, 255, 255, 0], \"fontSize\": 1, \"wrapText\": false, \"parentObject\": \"[_DYNAMIC]\"}"}, {"name": "earthSizeLabel", "parentObject": "[DYNAMIC]", "activationConditions": 0, "reactiveObject": false, "enable": true, "position": {"x": 0.0, "y": 0.0, "z": 0.0}, "newPosition": false, "eulerAngles": {"x": 0.0, "y": 0.0, "z": 0.0}, "newEulerAngles": false, "scale": {"x": 0.1, "y": 0.1, "z": 0.1}, "newScale": true}, {"name": "moonSizeLabel", "parentObject": "[DYNAMIC]", "activationConditions": 0, "reactiveObject": false, "enable": true, "position": {"x": 0.0, "y": 0.0, "z": 0.0}, "newPosition": false, "eulerAngles": {"x": 0.0, "y": 0.0, "z": 0.0}, "newEulerAngles": false, "scale": {"x": 0.1, "y": 0.1, "z": 0.1}, "newScale": true}, {"name": "moonDistanceLabel", "parentObject": "[DYNAMIC]", "activationConditions": 0, "reactiveObject": false, "enable": true, "position": {"x": 0.0, "y": 0.0, "z": 0.0}, "newPosition": false, "eulerAngles": {"x": 0.0, "y": 0.0, "z": 0.0}, "newEulerAngles": false, "scale": {"x": 0.1, "y": 0.1, "z": 0.1}, "newScale": true}, {"name": "brbPreviousClip", "parentObject": "[DYNAMIC]", "activationConditions": 0, "reactiveObject": false, "enable": true, "position": {"x": 0.0, "y": 0.0, "z": 0.0}, "newPosition": false, "eulerAngles": {"x": 0.0, "y": 0.0, "z": 0.0}, "newEulerAngles": false, "scale": {"x": 1, "y": 1, "z": 1}, "newScale": true}, {"name": "brbNextClip", "parentObject": "[DYNAMIC]", "activationConditions": 0, "reactiveObject": false, "enable": true, "position": {"x": 0.0, "y": 0.0, "z": 0.0}, "newPosition": false, "eulerAngles": {"x": 0.0, "y": 0.0, "z": 0.0}, "newEulerAngles": false, "scale": {"x": 0.01, "y": 0.01, "z": 0.01}, "newScale": true}, {"name": "brbNextModule", "parentObject": "[DYNAMIC]", "activationConditions": 0, "reactiveObject": false, "enable": true, "position": {"x": 0.0, "y": 0.0, "z": 0.0}, "newPosition": false, "eulerAngles": {"x": 0.0, "y": 0.0, "z": 0.0}, "newEulerAngles": false, "scale": {"x": 1, "y": 1, "z": 1}, "newScale": true, "childColor": [255, 0, 0, 255], "childName": "button"}]}]}
